IP,Virtual Hosts,Services,Vulnerabilities,Hosting Provider,Web Interfaces,Last Update
213.186.33.2,"cluster002.ovh.net, www.rueampere.com, rueampere.com, preprod.rueampere.com",N/A,,OVH SAS,"http://213.186.33.2:80, http://213.186.33.2:443",2025-06-13T12:59:54.275573
213.186.33.3,"www.turquie-photos.com, www.roxanephoto.com, istanbulguide.net, istanbul-photos.com, kurdistan-photos.com, www.istanbul-photos.com, turquie-photos.com, www.blog.roxanephoto.com, blog.roxanephoto.com, www.kurdistan-photos.com, roxanephoto.com, cluster015.ovh.net, www.istanbulguide.net",N/A,,OVH SAS,"http://213.186.33.3:80, http://213.186.33.3:443",2025-06-13T07:22:57.737362
213.186.33.4,"www.help-formation.fr, www.aideopart-yvelines.com, micro-informatique.support, force-digitale.com, www.micro-informatique.support, cluster003.ovh.net, www.force-digitale.com, aideopart-yvelines.com, help-formation.fr",N/A,"CVE-2025-2892, CVE-2024-3554, CVE-2024-3368",OVH SAS,"http://213.186.33.4:80, http://213.186.33.4:443",2025-06-12T21:56:12.575935
213.186.33.5,"redirect.ovh.net, www.redirect.ovh.net",nginx (80),,OVH SAS,http://213.186.33.5:80,2025-06-13T04:00:32.265803
213.186.33.16,"assurencheres.com, juridiqueassurances.com, core2020.lassureur.com, www.assureurcommerce.com, assureurrcd.com, camping.sezam-interactive.com, www.assurencheres.com, mutuellechienchat.com, assureurprevoyance.com, www.assurancesdirect.com, festival11.plateformeparallele.com, motoassurances.com, www.assureurprevoyance.com, www.motoassurances.com, uni-est.fr, www.assureurrcd.com, assureurdo.com, festival12.plateformeparallele.com, v2.pemavignon.fr, www.assureurhabitation.com, pemavignon.fr, www.juridiqueassurances.com, www.uni-est.fr, admin.lassureur.com, www.assureurrcpro.com, assureurcommerce.com, www.pemavignon.fr, mutuellesante.com, core.lassureur.com, loyersimpayes.com, lassureur.com, assurancesdirect.com, assureuremprunt.com, gtassurances.com, www.mutuellechienchat.com, cluster005.ovh.net, www.loyersimpayes.com, perso.xn--szam-bpa.com, www.assureuremprunt.com, www.assureurimmeuble.com, www.autoassurances.com, www.lassureur.com, www.mutuellesante.com, festival13.plateformeparallele.com, assureurrcpro.com, assureurimmeuble.com, www.gtassurances.com, autoassurances.com, www.assureurdo.com, assureurhabitation.com",N/A,,OVH SAS,"http://213.186.33.16:80, http://213.186.33.16:443",2025-06-13T11:59:27.119919
213.186.33.17,"www.bmxdeal.fr, consultculinaire.com, www.banderole-ideale.com, restaurant-histoire-de.com, www.lucie-etchebarne-podologue.fr, www.consultculinaire.com, www.jeunesfinanciers.com, bmxdeal.fr, lucie-etchebarne-podologue.fr, www.reparhitek.fr, nadia.fr, hope-n-down.fr, jeunesfinanciers.com, cluster006.ovh.net, bigbag-direct.fr, www.bigbag-direct.fr, www.hope-n-down.fr, www.nadia.fr",N/A,,OVH SAS,"http://213.186.33.17:80, http://213.186.33.17:443",2025-06-12T23:17:54.089966
213.186.33.18,"larrey-peinture.fr, www.vignobletinon.fr, gigraphe.com, chateau-beau-rivage.com, www.vignoblescnadalie.com, www.chateau-pessan.fr, www.lagrandedemoiselledhosten.fr, gigraphe.fr, lagrandedemoiselledhosten.com, www.chateau-beau-rivage.com, chateau-beau-rivage.fr, www.crystal-consultants.fr, www.lagrandedemoiselledhosten.com, lagrandedemoiselledhosten.fr, vignobletinon.fr, www.larrey-peinture.fr, www.chateau-beau-rivage.fr, crystal-consultants.fr, www.gigraphe.fr, www.chateaupessan.fr, www.gigraphe.com, chateau-pessan.fr, chateaupessan.fr, cluster007.ovh.net",N/A,,OVH SAS,"http://213.186.33.18:80, http://213.186.33.18:443",2025-06-13T00:57:59.507183
213.186.33.19,"www.sofhyt.fr, sofhyt.fr, cluster010.hosting.ovh.net, webcreaservices.eu, www.webcreaservices.eu",N/A,,OVH SAS,"http://213.186.33.19:80, http://213.186.33.19:443",2025-06-13T09:33:25.213478
213.186.33.40,"www.rachatcredit.net, www.artfoliosrc.com, iponmap.com, artfoliosrc.com, simulationrachatcredit.fr, rachatcredit.net, calories.fr, www.dateaccouchement.com, simulationepargne.com, job.book.fr, poidsideal.com, dateaccouchement.com, respcheck.com, www.leati.com, fr.iponmap.com, www.simulationrachatcredit.fr, cluster011.ovh.net, imc.fr, www.simulationdecredit.fr, www.calories.fr, www.dateovulation.com, fraisnotaire.fr, leati.com, en.iponmap.com, www.iponmap.com, www.fraisnotaire.fr, www.qi.fr, www.imc.fr, dateovulation.com, www.simulationepargne.com, simulationdecredit.fr, qi.fr, oxi.fr, www.oxi.fr, www.poidsideal.com, www.caloriemenu.com, caloriemenu.com, www.respcheck.com",N/A,,OVH SAS,"http://213.186.33.40:80, http://213.186.33.40:443",2025-06-12T23:05:26.689682
